{"raw_change": "Analyzing the Border Gateway Protocol (BGP) AS paths to the target IP prefix 64.233.161.0/24, before and after the timestamp 2005-05-07 14:37:56, reveals several changes across different collectors ('rrc' nodes). Let's break it down:\n\n1. **rrc00**: \n   - Before: Most paths end at AS 15169 (Google), which is the origin for the target prefix.\n   - After: Some paths have a new last AS, 174 (Cogent Communications). For example, the paths through peers 7018, 3741, 9177, 3549, 4608, and 1103 now end with 174.\n   - The path via peer 3333 remains unchanged, ending at AS 15169.\n\n2. **rrc01**: \n   - Before: Paths terminated mostly at AS 15169 with consistent routing through peers 8342 and 5511.\n   - After: A new segment appears with AS 174 as the destination for peer 8342. Other paths remain unchanged.\n\n3. **rrc03**:\n   - Before: Predominantly end at AS 15169.\n   - After: Significant changes with many paths now ending at AS 174 (e.g., peers 28747, 29686, 25232, 25137, 20932, 12859, 13030, and so on).\n\n4. **rrc04**: \n   - Before: Paths reached AS 15169, except for peer 20932 going through AS 3356 first.\n   - After: Path from peer 20932 now ends at AS 174.\n\n5. **rrc05**: \n   - Before: Various paths; peers like 13237 reached AS 15169 directly.\n   - After: Peers 12793 and 1853 now end at AS 174 instead of AS 15169.\n\n6. **rrc07**: \n   - Before: Paths mostly ended at AS 15169.\n   - After: Some paths (8289, 2116, 13237, and 8434) reroute to AS 174 instead of reaching AS 15169.\n\n7. **rrc11**:\n   - Before: Peer 13030 reached AS 15169 directly.\n   - After: Path ends at AS 174.\n\n8. **rrc12**: \n   - Before: Paths were consistent, ending at AS 15169.\n   - After: Paths from peers 25560, 20640, 29686, 12793, and 8763 now terminate at AS 174.\n\nIn summary:\n- There are significant shifts in paths, with several routes now terminating at AS 174 instead of AS 15169.\n- No new sub-prefixes are introduced; the changes are mostly in the AS paths rather than the prefix itself.\n- The destination AS for many paths switched from AS 15169 to AS 174, indicating a possible routing change or outage (possibly a fallback to an alternative upstream).\n\nIt appears there has been a network change affecting the reachability of the original destination (AS 15169) through certain peers, causing some paths to reroute through an alternative destination (AS 174).", "evaluation": "Yes, it is correct.", "final_change": "Analyzing the Border Gateway Protocol (BGP) AS paths to the target IP prefix 64.233.161.0/24, before and after the timestamp 2005-05-07 14:37:56, reveals several changes across different collectors ('rrc' nodes). Let's break it down:\n\n1. **rrc00**: \n   - Before: Most paths end at AS 15169 (Google), which is the origin for the target prefix.\n   - After: Some paths have a new last AS, 174 (Cogent Communications). For example, the paths through peers 7018, 3741, 9177, 3549, 4608, and 1103 now end with 174.\n   - The path via peer 3333 remains unchanged, ending at AS 15169.\n\n2. **rrc01**: \n   - Before: Paths terminated mostly at AS 15169 with consistent routing through peers 8342 and 5511.\n   - After: A new segment appears with AS 174 as the destination for peer 8342. Other paths remain unchanged.\n\n3. **rrc03**:\n   - Before: Predominantly end at AS 15169.\n   - After: Significant changes with many paths now ending at AS 174 (e.g., peers 28747, 29686, 25232, 25137, 20932, 12859, 13030, and so on).\n\n4. **rrc04**: \n   - Before: Paths reached AS 15169, except for peer 20932 going through AS 3356 first.\n   - After: Path from peer 20932 now ends at AS 174.\n\n5. **rrc05**: \n   - Before: Various paths; peers like 13237 reached AS 15169 directly.\n   - After: Peers 12793 and 1853 now end at AS 174 instead of AS 15169.\n\n6. **rrc07**: \n   - Before: Paths mostly ended at AS 15169.\n   - After: Some paths (8289, 2116, 13237, and 8434) reroute to AS 174 instead of reaching AS 15169.\n\n7. **rrc11**:\n   - Before: Peer 13030 reached AS 15169 directly.\n   - After: Path ends at AS 174.\n\n8. **rrc12**: \n   - Before: Paths were consistent, ending at AS 15169.\n   - After: Paths from peers 25560, 20640, 29686, 12793, and 8763 now terminate at AS 174.\n\nIn summary:\n- There are significant shifts in paths, with several routes now terminating at AS 174 instead of AS 15169.\n- No new sub-prefixes are introduced; the changes are mostly in the AS paths rather than the prefix itself.\n- The destination AS for many paths switched from AS 15169 to AS 174, indicating a possible routing change or outage (possibly a fallback to an alternative upstream).\n\nIt appears there has been a network change affecting the reachability of the original destination (AS 15169) through certain peers, causing some paths to reroute through an alternative destination (AS 174).", "event_type": "This event is likely a BGP hijack, as the destination AS changed from AS 15169 to AS 174, redirecting traffic away from the legitimate owner.", "report": "## BGP Anomaly Event Report\n\n### Event Summary\n\n- **Time of Event:** 2005-05-07 14:37:56\n- **Type of Event:** BGP Hijack\n- **Target IP Prefix:** 64.233.161.0/24\n- **Legitimate Origin AS:** AS 15169 (Google)\n- **Hijacking AS:** AS 174 (Cogent Communications)\n\n### Analysis of AS Path Changes\n\nUpon analyzing the AS paths to the target IP prefix 64.233.161.0/24 before and after the event, a significant shift in routing was observed across multiple BGP collectors. Here's a detailed account of the AS path changes:\n\n1. **Collector Analysis:**\n\n   - **rrc00:** \n     - **Before Event:** Most AS paths ended at AS 15169.\n     - **After Event:** AS paths through peers 7018, 3741, 9177, 3549, 4608, and 1103 now ended at AS 174 instead of AS 15169. The path via peer 3333 remained unchanged.\n\n   - **rrc01:** \n     - **Before Event:** Paths consistently terminated at AS 15169.\n     - **After Event:** The AS path on peer 8342 changed to end at AS 174, while others remained the same.\n\n   - **rrc03:** \n     - **Before Event:** Paths predominantly ended at AS 15169.\n     - **After Event:** Major shifts observed with numerous paths now terminating at AS 174 (e.g., peers 28747, 29686, 25232, 25137, 20932, 12859, 13030).\n\n   - **rrc04:** \n     - **Before Event:** Paths reached AS 15169, though peer 20932 routed through AS 3356 first.\n     - **After Event:** Path from peer 20932 now ended at AS 174.\n\n   - **rrc05:** \n     - **Before Event:** Paths such as those from peer 13237 reached AS 15169.\n     - **After Event:** Peers 12793 and 1853 began terminating at AS 174.\n\n   - **rrc07:**\n     - **Before Event:** Paths mostly reached AS 15169.\n     - **After Event:** AS paths for peers 8289, 2116, 13237, and 8434 rerouted to AS 174.\n\n   - **rrc11:**\n     - **Before Event:** Direct path from peer 13030 to AS 15169.\n     - **After Event:** Path altered to terminate at AS 174.\n\n   - **rrc12:**\n     - **Before Event:** Paths ended at AS 15169 consistently.\n     - **After Event:** Peers 25560, 20640, 29686, 12793, and 8763 began terminating at AS 174.\n\n### Implications and Conclusions\n\nThis analysis indicates a potential BGP hijack affecting the IP prefix 64.233.161.0/24. The anomalous event has resulted in a significant number of AS paths that previously routed traffic to the legitimate owner, AS 15169 (Google), being redirected to the hijacking AS 174 (Cogent Communications).\n\n- **Impact:** The hijack redirected internet traffic meant for Google, potentially resulting in service disruption or interception of data intended for AS 15169.\n- **Scope:** It appears that many significant BGP collectors detected this rerouting, indicating a large-scale impact.\n- **Mitigation:** It is crucial to communicate this anomaly to the legitimate network operators of AS 15169 and for BGP operators worldwide to evaluate their filters and secure their routing protocols against such incidents to prevent future occurrences.\n\n### Historical Context\n\nThe history data prior to the anomaly confirms that paths to 64.233.161.0/24 consistently ended at AS 15169 across various RRCs, supporting the assertion that the observed shifts were not due to typical routing updates but rather an anomaly.\n\n### Recommendations\n\nThe following steps are recommended to address and mitigate such incidents:\n\n1. **Enhanced Monitoring:** Improve real-time BGP monitoring systems to detect route hijacks swiftly.\n2. **Collaboration:** Encourage collaboration between network operators to quickly verify and validate suspicious routing announcements.\n3. **Security Practices:** Adopt and implement more stringent security practices, such as RPKI (Resource Public Key Infrastructure), to authenticate BGP route announcements.\n\n### Missing Information for Further Analysis (if any)\n\n- **Temporal Data:** More granular temporal data might refine our understanding of the event's progression and resolution.\n- **Confirmation from Impacted ASes:** Direct confirmation or additional data from AS 15169 or affected peers could clarify the operational impact.\n- **RPKI Status:** Verification if the prefix was signed, which could indicate RPKI protection status during this event.\n\nThis report aims to assist in understanding the event and provide guidance on improving network security and routing stability."}