{"raw_change": "To analyze the changes in AS paths to the target IP prefix 5.35.230.0/24 and its sub-prefixes before and after the specified timestamp, we need to answer the questions:\n\n1. **Does the existing path from each peer to the target IP prefix change?**\n\n- The AS paths from most peers remain unchanged; however, changes and withdrawals are noted for specific AS paths:\n  - `rrc00`: The peer `3835` shows a different path `['3835', '87490', '26125', '53062', '9124']` after the timestamp compared to its previous path `['3835', '93006', '17467', '37068']`. Also, peers `14218`, `42929`, and `49697` have their paths withdrawn.\n  - `rrc01`: Peer `26125` appears in the data after the timestamp, suggesting a path change, but no definition for comparison before the timestamp.\n  - `rrc03`: Peer `87840` showcases a path `['87840', '59422', '17467', '37068']` instead of `['87840', '1109', '17467', '37068']`.\n  - `rrc05`: Peer `5273` exhibits a new path `['5273', '58031', '87490', '26125', '53062', '9124']` contrary to the earlier path `['5273', '94485', '17467', '37068']`.\n  - `rrc06`: Path for peer `29773` changes to `['29773', '30479', '17467', '37068']`.\n  - Other peers generally maintain the same paths, signifying stability in other connections.\n\n2. **Does the last AS (destination) change or not?**\n\n- When paths change or new paths are introduced, the last AS (destination) changes in cases where a completely new segment is added to the path, as seen with paths ending in `9124` instead of `37068` (e.g., `rrc00` peer `3835`, `rrc05` peer `5273`, `rrc20` peer `45454`).\n\n3. **Is there any new AS path to a new sub-prefix introduced?**\n\n- There are no noticeably new sub-prefixes; changes largely correspond to path modifications or withdrawals for the existing prefix 5.35.230.0/24.\n\nIn conclusion, while many paths remain unchanged, some peers exhibit changes in their AS paths, including path withdrawals and new AS path segments leading to a different destination AS (`9124` instead of `37068`). This may imply re-routing by some ASes or re-training of BGP tables leading to the observed changes in AS paths.", "evaluation": "Yes, it is correct.", "final_change": "To analyze the changes in AS paths to the target IP prefix 5.35.230.0/24 and its sub-prefixes before and after the specified timestamp, we need to answer the questions:\n\n1. **Does the existing path from each peer to the target IP prefix change?**\n\n- The AS paths from most peers remain unchanged; however, changes and withdrawals are noted for specific AS paths:\n  - `rrc00`: The peer `3835` shows a different path `['3835', '87490', '26125', '53062', '9124']` after the timestamp compared to its previous path `['3835', '93006', '17467', '37068']`. Also, peers `14218`, `42929`, and `49697` have their paths withdrawn.\n  - `rrc01`: Peer `26125` appears in the data after the timestamp, suggesting a path change, but no definition for comparison before the timestamp.\n  - `rrc03`: Peer `87840` showcases a path `['87840', '59422', '17467', '37068']` instead of `['87840', '1109', '17467', '37068']`.\n  - `rrc05`: Peer `5273` exhibits a new path `['5273', '58031', '87490', '26125', '53062', '9124']` contrary to the earlier path `['5273', '94485', '17467', '37068']`.\n  - `rrc06`: Path for peer `29773` changes to `['29773', '30479', '17467', '37068']`.\n  - Other peers generally maintain the same paths, signifying stability in other connections.\n\n2. **Does the last AS (destination) change or not?**\n\n- When paths change or new paths are introduced, the last AS (destination) changes in cases where a completely new segment is added to the path, as seen with paths ending in `9124` instead of `37068` (e.g., `rrc00` peer `3835`, `rrc05` peer `5273`, `rrc20` peer `45454`).\n\n3. **Is there any new AS path to a new sub-prefix introduced?**\n\n- There are no noticeably new sub-prefixes; changes largely correspond to path modifications or withdrawals for the existing prefix 5.35.230.0/24.\n\nIn conclusion, while many paths remain unchanged, some peers exhibit changes in their AS paths, including path withdrawals and new AS path segments leading to a different destination AS (`9124` instead of `37068`). This may imply re-routing by some ASes or re-training of BGP tables leading to the observed changes in AS paths.", "event_type": "The event is likely a BGP hijack, as there are observed changes in the destination AS from `37068` to `9124`, which suggests traffic redirection away from the legitimate owner.", "report": "## BGP Anomaly Event Report\n\n### Event Overview\n\n**Target IP Prefix:** 5.35.230.0/24  \n**Event Start Time:** 2021-04-16 13:48:00  \n**Anomaly Type:** BGP Hijack  \n**Suspected Malicious AS:** 9124  \n**Legitimate Owner AS:** 37068  \n\n---\n\n### Description of Anomaly\n\nThis event appears to be a BGP hijack affecting the IP prefix 5.35.230.0/24. The anomaly was initially detected by observing changes in the announced AS paths to this prefix, where the legitimate destination AS, 37068, was replaced by 9124, suggesting unauthorized rerouting of traffic.\n\n### Detailed Analysis\n\n#### 1. Changes in AS Paths:\n\n- **rrc00:**\n  - Prior to the event, the AS path from peer `3835` was `['3835', '93006', '17467', '37068']`.\n  - Post-event, the path changed to `['3835', '87490', '26125', '53062', '9124']`, indicating traffic rerouted through AS 9124.\n\n- **rrc05:**\n  - Before the event, peer `5273` used the path `['5273', '94485', '17467', '37068']`.\n  - After the event, the path changed to `['5273', '58031', '87490', '26125', '53062', '9124']`.\n\n- **rrc06:**\n  - The AS path for peer `29773` changed from `['29773', '59422', '17467']` to `['29773', '30479', '17467']`, staying legitimate, except for another peer `67751` which reflects a change to include `['67751', '87490', '26125', '53062', '9124']`.\n\n- **rrc20:**\n  - Peer `45454` showed a path change to include `['45454', '87490', '26125', '53062', '9124']`.\n\n#### 2. Withdrawals and Path Losses:\n\nSeveral paths were withdrawn, likely reflecting cleaning attempts by BGP security measures:\n- **Withdrawal of paths noted for peers**: `14218`, `42929`, and `49697` in `rrc00`.\n\n#### 3. New AS Involvement:\n\nThe introduction of AS 9124 as the last noted AS in various paths post-event supports the conclusion of a BGP Hijack. Examining paths that include `26125` and `53062` often rerouted through AS 9124, highlighting possible interconnected ASes used during this hijack.\n\n### Historical Context\n\nThe historical data before the event showed stability in the AS path with consistent final AS 37068, suggesting no prior anomalies of similar magnitude or pattern. This helps assert that the suspicious change to AS 9124 is indeed an anomaly.\n\n### Conclusion\n\nThe observed changes are consistent with typical patterns of BGP hijacking, specifically targeting the redirection of traffic to a malicious AS that is not the original allocator of the IP space. The involvement of AS 9124 as the new terminal AS in paths indicates unauthorized route announcements affecting AS path integrity. Due to significant path changes and withdrawals across multiple collectors, this confirms a high likelihood of a hijack event for the affected prefix.\n\n### Recommendations\n\n1. **Immediate Notification:** Inform affected ASes, especially the legitimate owner AS 37068.\n2. **BGP Security Measures:** Implement filtering and monitoring to mitigate future hijack attempts.\n3. **Further Investigation:** Continuous monitoring and collaboration with internet exchanges and affected peers to trace the origin of unauthorized announcements.\n\nThis report aims to help network operators, ISPs, and stakeholders address this anomaly and enhance resiliency against such events."}