{"raw_change": "Given the AS paths to the IP prefix 101.101.101.0/24 and its changes before and after the time stamp of 2019-05-08 15:08:00, we can analyze the changes as follows:\n\n1. **Changes in Existing Paths:**\n   - **rrc00:** Several paths changed, including those from peers 88903, 7318, and 90181, where the paths to a new destination AS 75191 appeared instead of the previously seen destination AS 55947. Other paths, like those from peer 59878, retained the same destination AS 55947.\n   - **rrc01:** There were changes in the paths from peers like 82880 and 13281, with the destination changing to AS 75191. Some paths kept their original destination, such as the one from peer 91499.\n   - **rrc03:** Paths like those from peer 56883 changed to reach the new destination AS 75191, indicating a change in the routing path.\n   - **rrc04:** Paths like that from peer 48629 now go to AS 75191 instead of AS 55947.\n   - **rrc05 and rrc06:** Paths remain largely unchanged.\n   - **rrc07:** Paths from peer 2022 now lead to AS 75191, showing a change in the route.\n   - **rrc10 \u2013 rrc14 and rrc16:** Several paths were altered, with many now reaching AS 75191, like those from peers 85843, 17703, and 5522.\n   - **rrc11:** Paths such as that from peer 87223 were updated with a new destination AS, 75191.\n   - **rrc12 \u2013 rrc14 and rrc18:** Paths experienced changes to the new destination AS 75191.\n   - **rrc19 necessary changes, while others remained.\n   - **rrc20 \u2013 rrc23:** Some paths shifted destination to AS 75191.\n   - **rrc15:** Paths from peers such as 57898 reflect a new origin AS 75191.\n\n2. **New AS Paths to a New Sub-prefix:**\n   - There is no specific mention of new sub-prefix advertisements in this data set, so there are no new sub-prefix paths described.\n\n3. **Comparative Analysis:**\n   - In the paths compared between the same peer before and after the timestamp, many changes resulted in the destination AS changing from 55947 to 75191. However, there are paths that retained their destination, showing varying degrees of updates and stability.\n\nIn conclusion, the major alteration that appears post-time stamp is the widespread change in the destination AS from 55947 to 75191 across many AS paths. This suggests changes in routing policies or network configurations possibly driven by new peering agreements or changes in the preferred path for routing data to the target IP prefix. Most paths that altered their route conformed to a new destination AS, 75191, indicating significant routing updates spanning different AS paths collectively across various collectors.", "evaluation": "Yes, it is correct. Your analysis accurately describes the changes in AS paths before and after the timestamp, highlighting the shift in destination AS from 55947 to 75191 across multiple paths and collectors, while some paths remained unchanged, suggesting a significant overall routing update.", "final_change": "Given the AS paths to the IP prefix 101.101.101.0/24 and its changes before and after the time stamp of 2019-05-08 15:08:00, we can analyze the changes as follows:\n\n1. **Changes in Existing Paths:**\n   - **rrc00:** Several paths changed, including those from peers 88903, 7318, and 90181, where the paths to a new destination AS 75191 appeared instead of the previously seen destination AS 55947. Other paths, like those from peer 59878, retained the same destination AS 55947.\n   - **rrc01:** There were changes in the paths from peers like 82880 and 13281, with the destination changing to AS 75191. Some paths kept their original destination, such as the one from peer 91499.\n   - **rrc03:** Paths like those from peer 56883 changed to reach the new destination AS 75191, indicating a change in the routing path.\n   - **rrc04:** Paths like that from peer 48629 now go to AS 75191 instead of AS 55947.\n   - **rrc05 and rrc06:** Paths remain largely unchanged.\n   - **rrc07:** Paths from peer 2022 now lead to AS 75191, showing a change in the route.\n   - **rrc10 \u2013 rrc14 and rrc16:** Several paths were altered, with many now reaching AS 75191, like those from peers 85843, 17703, and 5522.\n   - **rrc11:** Paths such as that from peer 87223 were updated with a new destination AS, 75191.\n   - **rrc12 \u2013 rrc14 and rrc18:** Paths experienced changes to the new destination AS 75191.\n   - **rrc19:** Necessary changes were made, while others remained unchanged.\n   - **rrc20 \u2013 rrc23:** Some paths shifted destination to AS 75191.\n   - **rrc15:** Paths from peers such as 57898 reflect a new origin AS 75191.\n\n2. **New AS Paths to a New Sub-prefix:**\n   - There is no specific mention of new sub-prefix advertisements in this data set, so there are no new sub-prefix paths described.\n\n3. **Comparative Analysis:**\n   - In the paths compared between the same peer before and after the timestamp, many changes resulted in the destination AS changing from 55947 to 75191. However, there are paths that retained their destination, showing varying degrees of updates and stability.\n\nIn conclusion, the major alteration that appears post-time stamp is the widespread change in the destination AS from 55947 to 75191 across many AS paths. This suggests changes in routing policies or network configurations possibly driven by new peering agreements or changes in the preferred path for routing data to the target IP prefix. Most paths that altered their route conformed to a new destination AS, 75191, indicating significant routing updates spanning different AS paths collectively across various collectors.", "event_type": "The analysis indicates a BGP hijack event, as the destination AS changed from 55947 to 75191 across many AS paths.", "report": "## BGP Anomaly Event Report: IP Prefix 101.101.101.0/24\n\n### Event Overview\n\n- **Date and Time:** 2019-05-08 15:08:00\n- **IP Prefix Affected:** 101.101.101.0/24\n- **Anomaly Type:** BGP Hijack\n- **Previous Destination AS:** 55947\n- **New, Incorrect Destination AS:** 75191\n\n### Detailed Analysis\n\n#### 1. **Event Description**\n\nAt the specified timestamp, a BGP hijacking event occurred, affecting the IP prefix 101.101.101.0/24. The anomaly was characterized by the change in destination Autonomous System (AS) from the legitimate AS 55947 to an unauthorized AS 75191. This routing mishap altered the perceived optimal path to reach the prefix, potentially threatening the security and accessibility of the network reliant on the said prefix.\n\n#### 2. **Data Examination and Path Changes**\n\nUpon examining the AS paths before and after the event, it is evident that numerous peers across various Route Reflector Collectors (RRCs) experienced changes in their AS paths that ultimately ended at AS 75191, whereas they originally ended at AS 55947.\n\n- **Collector `rrc00`:** Paths of peers like 88903, 7318, and 52052 were re-routed to AS 75191, deviating from the original destination, AS 55947.\n- **Collector `rrc01`:** Paths from peers such as 82880, 13281, and 5114 ended with AS 75191 after the event.\n- **Collector `rrc03`:** Paths from peer 56883 altered their destination to AS 75191.\n- **Collector `rrc04`:** Peer paths such as 48629 were redirected to AS 75191.\n- **Collector `rrc07`:** Paths from peer 2022 shifted their final AS to 75191.\n- **Collector `rrc10` and others:** Multiple other collectors observed similar changes where peers such as 85843 and 17703 had paths rerouted to AS 75191.\n\n#### 3. **Comparative Analysis and Historical Data**\n\nBefore the anomaly, routes from various peers across collectors typically ended at the legitimate AS 55947. Post-anomaly, a significant number of paths now incorrectly terminate at AS 75191. Historically, AS 55947 has been the established destination for this IP prefix, affirming the legitimate routing path.\n\n- The historical data provided for collectors shows consistent paths leading to AS 55947.\n- The event presented a disruption, with some paths retaining AS 55947 as the destination, indicating partial network stability amidst the hijack.\n\n#### 4. **Possible Causes and Implications**\n\nThe change in routing destination suggests a potential route announcement by AS 75191, either inadvertently or maliciously, leading other ASes to follow this new, incorrect route. If intentional, the event could be considered a malicious BGP hijack, with the potential to mislead traffic, create data breaches, or cause unavailability of services relying on the target prefix. This incident might be due to misconfiguration (a typo or erroneous policy change) or deliberate exploitation.\n\n### Conclusion and Recommendations\n\nThe incident constitutes a significant BGP hijack, resulting in changed routes to an incorrect AS, 75191. This emphasizes the necessity of robust BGP security measures, such as:\n\n- **Route Filtering:** Implement strict route filtering policies to recognize and block rogue announcements.\n- **BGP Route Validation:** Adopt Resource Public Key Infrastructure (RPKI) and Prefix Origin Validation (POV) to authenticate legitimate route originations.\n- **Monitoring:** Continuously monitor BGP routes via systems like BGPMon or MANRS to detect anomalies promptly.\n\nIn case further details are required for in-depth analysis, logs detailing route announcements and withdrawals during the anomaly period could provide more insight into the mechanics of the hijack."}