{"raw_change": "To analyze the changes in AS paths to the target IP prefix `46.145.0.0/16` and its super-prefix `46.144.0.0/15` before and after the timestamp `2019-06-06 09:57:00`, we compare the before and after datasets for each RRC (Route Views Collector) peer. Here are the observations:\n\n1. **Path Changes for `46.145.0.0/16`:**\n   - **RRC00:** The path for peer `49673` changed. Before: `48858, 12389, 1136`, After: `24811, 3216, 1136`. The last AS `1136` did not change.\n   - New paths introduced: Peers `8758`, `38001`, `4608`, `202365`, `34549`, `206479`, `206499`, `44794`, `29504`, `57821`, `22652`, `37989`, `47422`, `328474`, `61218`, and `57264` now show paths ending in `13237, 1136` via intermediaries including `4134`, and `21217`. The last AS is consistent.\n   \n2. **RRC01:**\n   - The path for `6233` changed to include `4134`, `21217`, `13237`, and new paths for peers such as `60701`, `328145`, `35266`, `42473`, `6894` now include the same intermediaries but all still end with `1136`. The last AS remains the same.\n\n3. **RRC03:**\n   - The peer `8455`, `60501`, `47147`, `59605`, and others now include a path through `4134`, and `21217` but still end with `13237, 1136`, indicating no change in the destination AS.\n   \n4. **RRC04:**\n   - Peers like `513`, `12350`, and `25091` have adopted the intermediaries (e.g., `4134`, `21217`, `13237`) within their paths to `1136`. The endpoint AS remains unchanged.\n   \n5. **RRC05:**\n   - New paths similar to other RRCs along `4134`, `21217`, `13237` are observed for peers like `35369` and `47147` with no change in last AS `1136`.\n   \n6. **RRC06, RRC07, RRC10:**\n   - Paths like those from `4777`, `6667`, `42473`, `41497`, and others now also incorporate `4134`, `21217`, `13237` but still resolve to the last AS `1136`.\n   \n7. **RRCs in general (RRC11 to RRC26 as applicable):**\n   - There is a pattern across these of peers introducing paths that travel through `4134`, and `21217` and resolve to `13237, 1136`. The destination AS remains uniformly `1136`.\n\n8. **New AS Path to Sub-Prefix:**\n   - There are no new sub-prefixes introduced but the paths often expanded to include additional intermediate AS systems like `4134`, and `21217` leading consistently to `1136`.\n\n**Summary:**\n- Across most RRCs, paths from each peer to `46.145.0.0/16` maintained their last AS `1136`, demonstrating a stable destination.\n- Multiple peers have expanded their path routes through additional ASes like `4134` and `21217`, showing routing alterations but ultimately the same final destination AS.\n- There are variations introduced predominantly via additional transit networks but consistent resolution to the final AS suggests stable reachability despite path changes.", "evaluation": "Yes, it is correct.", "final_change": "To analyze the changes in AS paths to the target IP prefix `46.145.0.0/16` and its super-prefix `46.144.0.0/15` before and after the timestamp `2019-06-06 09:57:00`, we compare the before and after datasets for each RRC (Route Views Collector) peer. Here are the observations:\n\n1. **Path Changes for `46.145.0.0/16`:**\n   - **RRC00:** The path for peer `49673` changed. Before: `48858, 12389, 1136`, After: `24811, 3216, 1136`. The last AS `1136` did not change.\n   - New paths introduced: Peers `8758`, `38001`, `4608`, `202365`, `34549`, `206479`, `206499`, `44794`, `29504`, `57821`, `22652`, `37989`, `47422`, `328474`, `61218`, and `57264` now show paths ending in `13237, 1136` via intermediaries including `4134`, and `21217`. The last AS is consistent.\n\n2. **RRC01:**\n   - The path for `6233` changed to include `4134`, `21217`, `13237`, and new paths for peers such as `60701`, `328145`, `35266`, `42473`, `6894` now include the same intermediaries but all still end with `1136`. The last AS remains the same.\n\n3. **RRC03:**\n   - The peer `8455`, `60501`, `47147`, `59605`, and others now include a path through `4134`, and `21217` but still end with `13237, 1136`, indicating no change in the destination AS.\n\n4. **RRC04:**\n   - Peers like `513`, `12350`, and `25091` have adopted the intermediaries (e.g., `4134`, `21217`, `13237`) within their paths to `1136`. The endpoint AS remains unchanged.\n\n5. **RRC05:**\n   - New paths similar to other RRCs along `4134`, `21217`, `13237` are observed for peers like `35369` and `47147` with no change in last AS `1136`.\n\n6. **RRC06, RRC07, RRC10:**\n   - Paths like those from `4777`, `6667`, `42473`, `41497`, and others now also incorporate `4134`, `21217`, `13237` but still resolve to the last AS `1136`.\n\n7. **RRCs in general (RRC11 to RRC26 as applicable):**\n   - There is a pattern across these of peers introducing paths that travel through `4134`, and `21217` and resolve to `13237, 1136`. The destination AS remains uniformly `1136`.\n\n8. **New AS Path to Sub-Prefix:**\n   - There are no new sub-prefixes introduced but the paths often expanded to include additional intermediate AS systems like `4134`, and `21217` leading consistently to `1136`.\n\n**Summary:**\n- Across most RRCs, paths from each peer to `46.145.0.0/16` maintained their last AS `1136`, demonstrating a stable destination.\n- Multiple peers have expanded their path routes through additional ASes like `4134` and `21217`, showing routing alterations but ultimately the same final destination AS.\n- There are variations introduced predominantly via additional transit networks but consistent resolution to the final AS suggests stable reachability despite path changes.", "event_type": "The event is a BGP route leak, as the destination AS remains unchanged, while unexpected transit ASes are introduced into the paths.", "report": "### BGP Anomaly Event Report\n\n#### 1. Overview\nOn June 6, 2019, at 09:57:00 UTC, a BGP route leak event was detected involving the IP prefix `46.145.0.0/16`. This anomaly was characterized by the introduction of unexpected transit Autonomous Systems (ASes) into the BGP paths, while the destination AS remained unchanged. The affected paths resulted in an additional and non-optimal routing passage through certain ASes, primarily identified as AS4134 and AS21217, unexpectedly becoming transit points.\n\n#### 2. Event Details\n\n**Type of Anomaly:** BGP Route Leak\n\n**Event Start Time:** 2019-06-06 09:57:00\n\n**Affected IP Prefix:** 46.145.0.0/16 (and associated paths within the super-prefix `46.144.0.0/15`)\n\n**Primary ASes Involved:**\n- **Destination AS:** AS1136 (remains unchanged)\n- **Unexpected Transit ASes:** AS4134, AS21217, AS13237\n\n#### 3. Analysis of AS Path Changes\n\n- **Before the Event:**\n  - The path to `46.145.0.0/16` from most peers involved straightforward routing through expected transit ASes and directly to AS1136.\n  - Typical last-mile route examples: AS50304 -> AS1136, AS50304 included in paths.\n\n- **After the Event:**\n  - Paths introduced AS4134, AS21217, and AS13237 as unexpected transit ASes across multiple collectors and peers.\n  - Affected paths include significant traversals through high-tier networks (like AS4134, commonly known as China Telecom), reflecting a leakage into global transit routes not intended for reaching AS1136.\n\n#### 4. Specific Observations\n\n- **RRC00:** \n  - Path changes for peer 49673 reflect a shift from `48858, 12389, 1136` to `24811, 3216, 1136`, introducing AS24811 unexpectedly.\n  - New transit paths consistently incorporate `4134, 21217, 13237`.\n\n- **RRC03:**\n  - Multiple peers, such as 8455 and 47147, saw their paths rerouted through AS4134 and AS21217 while still ending in AS1136, the intended destination.\n  \n- **RRCs 01, 04, 07, 10:**\n  - Universally showcase a pattern of path diversification through AS4134 and AS21217, yet manage to maintain destination integrity with AS1136.\n  \n- **RRC19:**\n  - Introduced more complex paths through different AS hierarchies ending with AS1136 but circuitously routed back across networks like `37468, 6453`.\n\n#### 5. Conclusions\nThis BGP anomaly evidences a significant route leak, characterized by the widespread involvement of AS4134 and AS21217 as unintended intermediate transit ASes. While the route leak did not directly impact the endpoint reachability \u2014 as paths ultimately revert to AS1136 \u2014 it likely introduced delays, reduced efficiency, and potentially exposed prefixes to increased security risks by elongating the AS path and unideal intercontinental transit.\n\n#### 6. Recommendations\n- Network operators should monitor AS paths for sudden unexplained additions of transit ASes like AS4134 with internal alert thresholds.\n- Implement tighter policy configurations and BGP security best practices such as prefix filtering and RPKI (Resource Public Key Infrastructure) validation to mitigate route leaks.\n- Collaborate with major contributing ASes involved in the leak, possibly AS4134, to rectify and understand improper route announcements.\n\n#### 7. Missing Data\nTo enrich this investigation, further examination of the roles and policies of the intermediate ASes identified could yield insights into potential commercial peering arrangements leading to these routing anomalies. Additionally, traffic data post-event could help quantify actual impact in terms of latency and packet loss."}